team,opponent,team_score,opponent_score,outcome
ORL,OKC,136,139,0.0
MIL,CLE,108,105,1.0
BOS,GSW,119,124,0.0
CHI,DET,144,147,0.0
DAL,SAC,117,116,1.0
CHO,UTA,124,119,1.0
NYK,PHI,119,113,1.0
SAC,CHO,128,129,0.0
ATL,MIL,109,117,0.0
WAS,MIN,129,132,0.0
UTA,PHO,103,69,1.0
DET,CHI,98,94,1.0
HOU,ORL,119,114,1.0
CHI,MIN,93,102,0.0
GSW,BRK,107,99,1.0
HOU,POR,108,103,1.0
ORL,MIN,104,101,1.0
CHO,SAC,127,122,1.0
NYK,HOU,111,116,0.0
POR,DAL,112,115,0.0
DET,PHO,127,122,1.0
NOP,CLE,114,108,1.0
UTA,IND,122,119,1.0
MIN,LAL,123,122,1.0
DEN,MIN,111,108,1.0
OKC,UTA,104,98,1.0
DET,LAC,103,105,0.0
CHO,TOR,109,99,1.0
BRK,DAL,118,119,0.0
MIA,NOP,94,88,1.0
MEM,MIA,99,90,1.0
CHI,IND,102,100,1.0
GSW,DEN,111,108,1.0
UTA,MEM,92,87,1.0
MIA,IND,103,100,1.0
HOU,IND,107,103,1.0
LAC,NOP,114,111,1.0
DAL,CLE,107,110,0.0
ORL,TOR,103,106,0.0
PHI,CHI,111,115,0.0
MIL,ATL,108,101,1.0
DAL,BOS,118,113,1.0
LAC,HOU,140,132,1.0
DAL,MIN,106,94,1.0
NYK,UTA,118,111,1.0
ORL,CHO,116,120,0.0
MEM,ORL,108,102,1.0
NYK,OKC,122,128,0.0
IND,DEN,109,105,1.0
IND,CLE,106,111,0.0
UTA,CHI,105,96,1.0
MEM,DAL,110,114,0.0
ATL,ORL,110,117,0.0
MEM,POR,106,112,0.0
PHI,LAC,92,98,0.0
DAL,UTA,119,121,0.0
BOS,LAC,139,134,1.0
ORL,DAL,110,104,1.0
MIA,IND,101,93,1.0
UTA,HOU,117,114,1.0
DAL,DEN,122,116,1.0
OKC,GSW,118,121,0.0
GSW,ATL,109,105,1.0
DEN,BRK,120,121,0.0
DEN,DAL,116,114,1.0
POR,WAS,116,109,1.0
MEM,NOP,121,114,1.0
TOR,MIA,112,104,1.0
IND,TOR,94,101,0.0
DAL,POR,132,120,1.0
LAL,MIA,102,100,1.0
UTA,GSW,96,103,0.0
ATL,CLE,108,110,0.0
GSW,MIN,117,124,0.0
UTA,LAC,99,102,0.0
PHI,MIL,108,109,0.0
SAS,OKC,102,98,1.0
CLE,DET,110,112,0.0
OKC,ORL,139,136,1.0
CLE,MIL,105,108,0.0
GSW,BOS,124,119,1.0
DET,CHI,147,144,1.0
SAC,DAL,116,117,0.0
UTA,CHO,119,124,0.0
PHI,NYK,113,119,0.0
CHO,SAC,129,128,1.0
MIL,ATL,117,109,1.0
MIN,WAS,132,129,1.0
CHI,DET,94,98,0.0
ORL,HOU,114,119,0.0
MIN,CHI,102,93,1.0
BRK,GSW,99,107,0.0
POR,HOU,103,108,0.0
MIN,ORL,101,104,0.0
SAC,CHO,122,127,0.0
HOU,NYK,116,111,1.0
DAL,POR,115,112,1.0
PHO,DET,122,127,0.0
CLE,NOP,108,114,0.0
IND,UTA,119,122,0.0
LAL,MIN,122,123,0.0
MIN,DEN,108,111,0.0
UTA,OKC,98,104,0.0
LAC,DET,105,103,1.0
TOR,CHO,99,109,0.0
DAL,BRK,119,118,1.0
NOP,MIA,88,94,0.0
MIA,MEM,90,99,0.0
IND,CHI,100,102,0.0
DEN,GSW,108,111,0.0
MEM,UTA,87,92,0.0
IND,MIA,100,103,0.0
IND,HOU,103,107,0.0
NOP,LAC,111,114,0.0
CLE,DAL,110,107,1.0
TOR,ORL,106,103,1.0
CHI,PHI,115,111,1.0
ATL,MIL,101,108,0.0
BOS,DAL,113,118,0.0
HOU,LAC,132,140,0.0
MIN,DAL,94,106,0.0
UTA,NYK,111,118,0.0
CHO,ORL,120,116,1.0
ORL,MEM,102,108,0.0
OKC,NYK,128,122,1.0
DEN,IND,105,109,0.0
CLE,IND,111,106,1.0
CHI,UTA,96,105,0.0
DAL,MEM,114,110,1.0
ORL,ATL,117,110,1.0
POR,MEM,112,106,1.0
LAC,PHI,98,92,1.0
UTA,DAL,121,119,1.0
LAC,BOS,134,139,0.0
DAL,ORL,104,110,0.0
IND,MIA,93,101,0.0
HOU,UTA,114,117,0.0
DEN,DAL,116,122,0.0
GSW,OKC,121,118,1.0
ATL,GSW,105,109,0.0
BRK,DEN,121,120,1.0
DAL,DEN,114,116,0.0
WAS,POR,109,116,0.0
NOP,MEM,114,121,0.0
MIA,TOR,104,112,0.0
TOR,IND,101,94,1.0
POR,DAL,120,132,0.0
MIA,LAL,100,102,0.0
GSW,UTA,103,96,1.0
CLE,ATL,110,108,1.0
MIN,GSW,124,117,1.0
LAC,UTA,102,99,1.0
MIL,PHI,109,108,1.0
OKC,SAS,98,102,0.0
DET,CLE,112,110,1.0
ATL,BOS,102,101,1.0
GSW,HOU,104,78,1.0
OKC,DAL,108,70,1.0
TOR,IND,90,100,0.0
CLE,DET,106,101,1.0
LAC,POR,115,95,1.0
MIA,CHO,123,91,1.0
SAS,MEM,106,74,1.0
GSW,HOU,115,106,1.0
OKC,DAL,84,85,0.0
TOR,IND,98,87,1.0
ATL,BOS,89,72,1.0
SAS,MEM,94,68,1.0
CLE,DET,107,90,1.0
LAC,POR,102,81,1.0
MIA,CHO,115,103,1.0
DAL,OKC,102,131,0.0
HOU,GSW,97,96,1.0
IND,TOR,85,101,0.0
BOS,ATL,111,103,1.0
DET,CLE,91,101,0.0
MEM,SAS,87,96,0.0
CHO,MIA,96,80,1.0
DAL,OKC,108,119,0.0
IND,TOR,100,83,1.0
POR,LAC,96,88,1.0
DET,CLE,98,100,0.0
HOU,GSW,94,121,0.0
MEM,SAS,95,116,0.0
CHO,MIA,89,85,1.0
OKC,DAL,118,104,1.0
POR,LAC,98,84,1.0
ATL,BOS,110,83,1.0
TOR,IND,102,99,1.0
GSW,HOU,114,81,1.0
LAC,POR,98,108,0.0
MIA,CHO,88,90,0.0
BOS,ATL,92,104,0.0
CHO,MIA,90,97,0.0
IND,TOR,101,83,1.0
POR,LAC,106,103,1.0
SAS,OKC,124,92,1.0
GSW,POR,118,106,1.0
MIA,CHO,106,73,1.0
TOR,IND,89,84,1.0
CLE,ATL,104,93,1.0
SAS,OKC,97,98,0.0
GSW,POR,110,99,1.0
CLE,ATL,123,98,1.0
ATL,CLE,108,121,0.0
OKC,SAS,96,100,0.0
MIA,TOR,91,95,0.0
POR,GSW,120,108,1.0
ATL,CLE,99,100,0.0
OKC,SAS,111,97,1.0
SAS,OKC,91,95,0.0
GSW,POR,125,121,1.0
TOR,MIA,99,91,1.0
OKC,SAS,113,99,1.0
MIA,TOR,103,91,1.0
TOR,MIA,116,89,1.0
GSW,OKC,102,108,0.0
CLE,TOR,115,84,1.0
GSW,OKC,118,91,1.0
CLE,TOR,108,89,1.0
TOR,CLE,99,84,1.0
OKC,GSW,133,105,1.0
TOR,CLE,105,99,1.0
OKC,GSW,118,94,1.0
CLE,TOR,116,78,1.0
GSW,OKC,120,111,1.0
TOR,CLE,87,113,0.0
OKC,GSW,101,108,0.0
GSW,OKC,96,88,1.0
BOS,ATL,101,102,0.0
HOU,GSW,78,104,0.0
DAL,OKC,70,108,0.0
IND,TOR,100,90,1.0
DET,CLE,101,106,0.0
POR,LAC,95,115,0.0
CHO,MIA,91,123,0.0
MEM,SAS,74,106,0.0
HOU,GSW,106,115,0.0
DAL,OKC,85,84,1.0
IND,TOR,87,98,0.0
BOS,ATL,72,89,0.0
MEM,SAS,68,94,0.0
DET,CLE,90,107,0.0
POR,LAC,81,102,0.0
CHO,MIA,103,115,0.0
OKC,DAL,131,102,1.0
GSW,HOU,96,97,0.0
TOR,IND,101,85,1.0
ATL,BOS,103,111,0.0
CLE,DET,101,91,1.0
SAS,MEM,96,87,1.0
MIA,CHO,80,96,0.0
OKC,DAL,119,108,1.0
TOR,IND,83,100,0.0
LAC,POR,88,96,0.0
CLE,DET,100,98,1.0
GSW,HOU,121,94,1.0
SAS,MEM,116,95,1.0
MIA,CHO,85,89,0.0
DAL,OKC,104,118,0.0
LAC,POR,84,98,0.0
BOS,ATL,83,110,0.0
IND,TOR,99,102,0.0
HOU,GSW,81,114,0.0
POR,LAC,108,98,1.0
CHO,MIA,90,88,1.0
ATL,BOS,104,92,1.0
MIA,CHO,97,90,1.0
TOR,IND,83,101,0.0
LAC,POR,103,106,0.0
OKC,SAS,92,124,0.0
POR,GSW,106,118,0.0
CHO,MIA,73,106,0.0
IND,TOR,84,89,0.0
ATL,CLE,93,104,0.0
OKC,SAS,98,97,1.0
POR,GSW,99,110,0.0
ATL,CLE,98,123,0.0
CLE,ATL,121,108,1.0
SAS,OKC,100,96,1.0
TOR,MIA,95,91,1.0
GSW,POR,108,120,0.0
CLE,ATL,100,99,1.0
SAS,OKC,97,111,0.0
OKC,SAS,95,91,1.0
POR,GSW,121,125,0.0
MIA,TOR,91,99,0.0
SAS,OKC,99,113,0.0
TOR,MIA,91,103,0.0
MIA,TOR,89,116,0.0
OKC,GSW,108,102,1.0
TOR,CLE,84,115,0.0
OKC,GSW,91,118,0.0
TOR,CLE,89,108,0.0
CLE,TOR,84,99,0.0
GSW,OKC,105,133,0.0
CLE,TOR,99,105,0.0
GSW,OKC,94,118,0.0
TOR,CLE,78,116,0.0
OKC,GSW,111,120,0.0
CLE,TOR,113,87,1.0
GSW,OKC,108,101,1.0
OKC,GSW,88,96,0.0
IND,MIA,90,87,1.0
IND,ORL,94,114,0.0
ATL,DET,94,106,0.0
CHI,CLE,97,95,1.0
GSW,NOP,111,95,1.0
BOS,PHI,112,95,1.0
BRK,CHI,100,115,0.0
DET,UTA,92,87,1.0
HOU,DEN,85,105,0.0
LAL,MIN,111,112,0.0
MEM,CLE,76,106,0.0
MIA,CHO,104,94,1.0
MIL,NYK,97,122,0.0
OKC,SAS,112,106,1.0
ORL,WAS,87,88,0.0
PHO,DAL,95,111,0.0
POR,NOP,112,94,1.0
SAC,LAC,104,111,0.0
TOR,IND,106,99,1.0
IND,MEM,103,112,0.0
LAC,DAL,104,88,1.0
NYK,ATL,101,112,0.0
ATL,CHO,97,94,1.0
BOS,TOR,103,113,0.0
CLE,MIA,102,92,1.0
DEN,MIN,78,95,0.0
HOU,GSW,92,112,0.0
MIL,WAS,113,118,0.0
PHI,UTA,71,99,0.0
PHO,POR,110,92,1.0
SAC,LAL,132,114,1.0
SAS,BRK,102,75,1.0
IND,UTA,76,97,0.0
LAC,SAC,114,109,1.0
MEM,BRK,101,91,1.0
NOP,GSW,120,134,0.0
POR,PHO,90,101,0.0
WAS,NYK,110,117,0.0
BOS,SAS,87,95,0.0
CHI,ORL,92,87,1.0
CHO,ATL,92,94,0.0
LAL,DAL,93,103,0.0
MIA,HOU,109,89,1.0
OKC,DEN,117,93,1.0
TOR,MIL,106,87,1.0
BRK,MIL,96,103,0.0
GSW,MEM,119,69,1.0
HOU,OKC,110,105,1.0
LAC,PHO,102,96,1.0
MIN,POR,101,106,0.0
NYK,SAS,84,94,0.0
PHI,CLE,100,107,0.0
CHO,CHI,130,105,1.0
DAL,TOR,91,102,0.0
DET,IND,82,94,0.0
LAL,DEN,109,120,0.0
MIA,ATL,92,98,0.0
NOP,ORL,94,103,0.0
SAC,MEM,89,103,0.0
ATL,BRK,101,87,1.0
CLE,NYK,96,86,1.0
GSW,LAC,112,108,1.0
IND,BOS,100,98,1.0
MIL,PHI,91,87,1.0
OKC,TOR,98,103,0.0
PHO,SAC,118,97,1.0
UTA,POR,92,108,0.0
WAS,SAS,102,99,1.0
CHI,OKC,104,98,1.0
DAL,CHO,94,108,0.0
DEN,UTA,84,96,0.0
MIN,MIA,84,96,0.0
POR,MEM,115,96,1.0
BOS,WAS,118,98,1.0
BRK,LAL,98,104,0.0
CLE,PHI,108,102,1.0
GSW,DEN,119,104,1.0
NOP,ATL,115,121,0.0
NYK,MIL,92,99,0.0
ORL,TOR,92,87,1.0
PHO,DET,92,100,0.0
SAC,HOU,110,116,0.0
ATL,WAS,114,99,1.0
DAL,NOP,107,98,1.0
LAC,HOU,105,109,0.0
MIL,BRK,94,86,1.0
PHI,ORL,97,105,0.0
SAC,GSW,94,103,0.0
SAS,CHO,114,94,1.0
UTA,MEM,89,79,1.0
CLE,IND,101,97,1.0
MIA,TOR,96,76,1.0
NYK,LAL,99,95,1.0
OKC,PHO,124,103,1.0
POR,DET,103,120,0.0
ATL,MIN,107,117,0.0
DEN,POR,108,104,1.0
GSW,DET,109,95,1.0
IND,ORL,97,84,1.0
LAC,MEM,94,92,1.0
PHI,CHI,88,111,0.0
SAC,SAS,88,106,0.0
CLE,UTA,118,114,1.0
MIA,LAL,101,88,1.0
MIL,BOS,83,99,0.0
MIN,CHO,95,104,0.0
NOP,DAL,120,105,1.0
TOR,NYK,109,111,0.0
WAS,OKC,101,125,0.0
ATL,NOP,106,98,1.0
BOS,IND,91,102,0.0
CHO,NYK,95,93,1.0
DAL,LAC,118,108,1.0
DEN,MIL,103,102,1.0
HOU,BRK,98,106,0.0
MEM,GSW,84,100,0.0
ORL,LAL,101,99,1.0
PHI,TOR,103,119,0.0
POR,SAS,101,113,0.0
SAC,DET,101,92,1.0
MIA,UTA,92,91,1.0
MIN,GSW,116,129,0.0
PHO,LAC,118,104,1.0
BOS,ATL,106,93,1.0
CHI,CHO,102,97,1.0
DAL,LAL,90,82,1.0
DEN,HOU,107,98,1.0
IND,MIN,107,103,1.0
MEM,POR,101,100,1.0
NYK,CLE,84,90,0.0
OKC,PHI,102,85,1.0
ORL,UTA,102,93,1.0
SAC,BRK,111,109,1.0
TOR,NOP,100,81,1.0
HOU,DAL,98,110,0.0
LAC,DET,101,96,1.0
PHO,DEN,105,81,1.0
SAS,PHI,92,83,1.0
WAS,ORL,108,99,1.0
ATL,UTA,96,97,0.0
CHO,POR,106,94,1.0
LAL,DET,97,85,1.0
MIN,MEM,106,114,0.0
NYK,NOP,95,87,1.0
OKC,BOS,85,100,0.0
SAC,TOR,107,101,1.0
CHI,IND,96,95,1.0
HOU,BOS,95,111,0.0
MEM,OKC,122,114,1.0
PHI,DAL,86,92,0.0
PHO,LAL,120,101,1.0
SAS,POR,93,80,1.0
BRK,ATL,90,88,1.0
DET,CLE,104,99,1.0
GSW,TOR,115,110,1.0
MIA,MIN,91,103,0.0
NOP,DEN,98,115,0.0
NYK,CHO,102,94,1.0
WAS,MIL,115,86,1.0
ATL,SAC,103,97,1.0
BOS,DAL,102,106,0.0
CHO,BRK,116,111,1.0
OKC,NOP,110,103,1.0
PHI,IND,85,112,0.0
PHO,CHI,97,103,0.0
SAS,DEN,109,98,1.0
UTA,TOR,93,89,1.0
CLE,MIL,115,100,1.0
LAC,GSW,117,124,0.0
MIA,SAC,116,109,1.0
BOS,BRK,120,95,1.0
CHO,PHI,113,88,1.0
DAL,UTA,102,93,1.0
DEN,PHO,107,114,0.0
GSW,CHI,106,94,1.0
LAL,TOR,91,102,0.0
MEM,HOU,96,84,1.0
MIN,DET,86,96,0.0
NOP,SAS,104,90,1.0
OKC,NYK,90,93,0.0
POR,LAC,102,91,1.0
CLE,ATL,109,97,1.0
DET,WAS,95,97,0.0
HOU,NYK,102,107,0.0
IND,MIL,123,86,1.0
MIA,PHI,96,91,1.0
ORL,SAC,91,97,0.0
SAS,MEM,92,82,1.0
BRK,BOS,111,101,1.0
DEN,GSW,105,118,0.0
LAC,TOR,80,91,0.0
LAL,POR,93,107,0.0
NOP,PHO,122,116,1.0
OKC,DAL,117,114,1.0
CLE,ORL,117,103,1.0
MIA,NYK,95,78,1.0
MIL,DET,109,88,1.0
MIN,PHI,100,95,1.0
SAS,PHO,98,84,1.0
UTA,OKC,89,111,0.0
ATL,BOS,121,97,1.0
DEN,LAC,94,111,0.0
GSW,LAL,111,77,1.0
MEM,DAL,110,96,1.0
POR,CHI,88,93,0.0
WAS,IND,106,123,0.0
BOS,PHI,84,80,1.0
CHO,WAS,101,87,1.0
DET,MIA,104,81,1.0
HOU,MEM,93,102,0.0
LAC,UTA,91,102,0.0
MIL,SAC,118,129,0.0
MIN,ATL,99,95,1.0
OKC,BRK,110,99,1.0
ORL,NYK,100,91,1.0
PHO,NOP,114,120,0.0
SAS,DAL,88,83,1.0
TOR,CLE,103,99,1.0
BOS,WAS,111,78,1.0
CHO,CLE,90,95,0.0
DEN,SAS,80,91,0.0
HOU,PHI,116,114,1.0
IND,CHI,104,92,1.0
LAC,NOP,111,90,1.0
MEM,ATL,101,116,0.0
NYK,MIA,78,97,0.0
OKC,DET,103,87,1.0
ORL,MIL,114,90,1.0
PHO,GSW,116,135,0.0
SAC,MIN,91,101,0.0
CLE,BRK,90,88,1.0
DAL,DEN,92,81,1.0
GSW,SAC,120,101,1.0
POR,LAL,108,96,1.0
SAS,ATL,108,88,1.0
UTA,NOP,101,87,1.0
WAS,TOR,82,84,0.0
BRK,DET,87,83,1.0
CHO,MIL,87,82,1.0
LAC,MIN,107,99,1.0
LAL,IND,103,107,0.0
MEM,PHI,92,84,1.0
ORL,BOS,110,91,1.0
TOR,PHO,102,107,0.0
ATL,OKC,106,100,1.0
CHI,SAS,92,89,1.0
DET,HOU,116,105,1.0
LAC,POR,102,87,1.0
MIA,BOS,95,105,0.0
MIL,DEN,92,74,1.0
SAC,DAL,112,98,1.0
UTA,GSW,103,106,0.0
BRK,PHO,94,91,1.0
CLE,WAS,85,97,0.0
MIN,ORL,93,96,0.0
NOP,MEM,104,113,0.0
PHI,LAL,103,91,1.0
ATL,TOR,86,96,0.0
CHI,DEN,99,90,1.0
CHO,GSW,99,116,0.0
HOU,NOP,108,101,1.0
LAC,IND,91,103,0.0
NYK,PHI,99,87,1.0
SAS,MIL,95,70,1.0
WAS,LAL,104,108,0.0
MEM,SAS,83,103,0.0
MIA,OKC,97,95,1.0
POR,IND,123,111,1.0
SAC,BOS,97,114,0.0
TOR,DEN,105,106,0.0
UTA,ORL,94,103,0.0
ATL,LAL,100,87,1.0
DAL,HOU,96,100,0.0
DET,MIL,102,95,1.0
NYK,BRK,108,91,1.0
WAS,PHO,109,106,1.0
CHI,CHO,96,102,0.0
HOU,SAC,120,113,1.0
LAC,ORL,103,101,1.0
MIA,CLE,99,84,1.0
MIL,NYK,106,91,1.0
MIN,POR,103,109,0.0
PHI,DEN,105,108,0.0
SAS,BOS,108,105,1.0
TOR,GSW,109,112,0.0
BRK,GSW,98,114,0.0
DET,LAL,111,91,1.0
MEM,PHO,95,93,1.0
OKC,SAC,98,95,1.0
WAS,DAL,104,116,0.0
CHI,PHO,101,103,0.0
CHO,DET,104,84,1.0
MIA,WAS,103,114,0.0
MIL,POR,90,88,1.0
MIN,LAC,106,110,0.0
NOP,BOS,93,111,0.0
NYK,DAL,97,104,0.0
PHI,SAS,68,119,0.0
TOR,LAL,102,93,1.0
BRK,HOU,110,105,1.0
CLE,POR,105,100,1.0
DEN,ORL,74,85,0.0
IND,GSW,123,131,0.0
MEM,OKC,88,125,0.0
SAC,UTA,114,106,1.0
BOS,CHI,105,100,1.0
CHO,MIA,99,81,1.0
DAL,ATL,95,98,0.0
DET,MEM,92,93,0.0
MIL,LAC,95,109,0.0
PHO,ORL,107,104,1.0
TOR,SAS,97,94,1.0
UTA,NYK,106,85,1.0
WAS,HOU,103,109,0.0
BRK,PHI,100,91,1.0
CHI,LAC,83,80,1.0
OKC,ATL,107,94,1.0
SAC,NYK,99,97,1.0
IND,MIA,96,83,1.0
MEM,CHO,99,123,0.0
NOP,WAS,107,105,1.0
ORL,CLE,76,111,0.0
PHI,DET,95,107,0.0
PHO,POR,96,106,0.0
SAS,LAL,109,87,1.0
TOR,MIL,90,83,1.0
UTA,OKC,90,94,0.0
ATL,SAS,78,103,0.0
BRK,LAC,100,105,0.0
CHI,NOP,98,94,1.0
CHO,BOS,93,98,0.0
DAL,WAS,111,114,0.0
DET,IND,118,96,1.0
HOU,LAL,126,97,1.0
MIL,GSW,108,95,1.0
POR,NYK,110,112,0.0
MIA,MEM,100,97,1.0
PHO,MIN,108,101,1.0
TOR,PHI,96,76,1.0
ATL,MIA,88,100,0.0
BRK,ORL,82,105,0.0
CHI,PHI,115,96,1.0
DAL,PHO,104,94,1.0
DEN,HOU,114,108,1.0
IND,TOR,106,90,1.0
MEM,WAS,112,95,1.0
POR,NOP,105,101,1.0
SAS,UTA,118,81,1.0
BOS,CLE,77,89,0.0
LAL,MIL,113,95,1.0
MIN,DEN,100,112,0.0
SAC,HOU,107,97,1.0
ATL,PHI,127,106,1.0
BRK,MIA,98,104,0.0
CHI,MEM,98,85,1.0
DET,BOS,119,116,1.0
GSW,PHO,128,103,1.0
IND,DAL,107,81,1.0
LAC,MIL,103,90,1.0
NYK,MIN,107,102,1.0
OKC,POR,106,90,1.0
ORL,CHO,113,98,1.0
SAS,WAS,114,95,1.0
UTA,NOP,94,104,0.0
CLE,OKC,104,100,1.0
LAL,HOU,87,107,0.0
BOS,ATL,101,109,0.0
DAL,MEM,97,88,1.0
GSW,MIL,121,112,1.0
IND,BRK,104,97,1.0
MIA,TOR,94,108,0.0
MIN,SAC,99,95,1.0
ORL,POR,102,94,1.0
PHI,NYK,97,107,0.0
PHO,NOP,104,88,1.0
SAS,LAC,115,107,1.0
UTA,DEN,97,88,1.0
HOU,LAC,107,97,1.0
MEM,IND,96,84,1.0
NYK,CHI,107,91,1.0
OKC,LAL,118,78,1.0
WAS,CHO,109,101,1.0
BRK,MIN,85,100,0.0
CLE,PHI,108,86,1.0
DEN,NOP,125,130,0.0
MIA,POR,116,109,1.0
ORL,ATL,100,103,0.0
PHO,MIL,95,101,0.0
TOR,SAC,94,104,0.0
ATL,POR,106,97,1.0
BOS,MIN,113,99,1.0
CHI,BRK,102,105,0.0
HOU,CHO,102,95,1.0
LAC,OKC,99,100,0.0
NYK,ORL,99,107,0.0
SAS,IND,106,92,1.0
UTA,PHO,110,89,1.0
WAS,SAC,113,99,1.0
DEN,LAL,107,111,0.0
MIA,DET,92,93,0.0
PHI,MEM,90,104,0.0
TOR,DAL,103,99,1.0
ATL,DET,107,100,1.0
CHO,BOS,89,102,0.0
CLE,NYK,91,84,1.0
GSW,UTA,103,85,1.0
IND,SAC,106,108,0.0
LAL,OKC,85,120,0.0
MIL,PHI,113,100,1.0
MIN,SAS,83,108,0.0
NOP,POR,115,89,1.0
ORL,HOU,104,101,1.0
PHO,DEN,96,104,0.0
WAS,MEM,100,91,1.0
GSW,CLE,89,83,1.0
HOU,SAS,88,84,1.0
LAL,LAC,84,94,0.0
OKC,CHI,96,105,0.0
ATL,NYK,117,98,1.0
BRK,WAS,96,111,0.0
CHO,MEM,98,92,1.0
DAL,CHI,118,111,1.0
DET,BOS,93,99,0.0
MIL,TOR,90,111,0.0
MIN,IND,88,102,0.0
NOP,HOU,110,108,1.0
ORL,MIA,101,108,0.0
PHO,PHI,104,111,0.0
POR,CLE,105,76,1.0
SAS,DEN,101,86,1.0
UTA,LAC,104,109,0.0
BOS,NYK,100,91,1.0
MEM,LAL,112,96,1.0
OKC,DEN,122,112,1.0
SAC,POR,94,98,0.0
CHI,TOR,104,97,1.0
CHO,LAL,108,98,1.0
DAL,MIL,103,93,1.0
GSW,SAC,122,103,1.0
IND,ATL,93,87,1.0
MIA,BRK,105,111,0.0
ORL,NOP,104,89,1.0
PHO,CLE,97,101,0.0
SAS,MIN,101,95,1.0
UTA,PHI,95,91,1.0
WAS,LAC,91,108,0.0
DEN,CLE,87,93,0.0
HOU,ATL,115,121,0.0
NYK,DET,108,96,1.0
OKC,MIL,131,123,1.0
BOS,LAL,104,112,0.0
CHO,LAC,117,122,0.0
DAL,GSW,114,91,1.0
MIN,UTA,94,80,1.0
ORL,BRK,100,93,1.0
POR,DEN,110,103,1.0
SAC,PHI,105,110,0.0
SAS,PHO,112,79,1.0
TOR,WAS,94,91,1.0
DET,MIN,115,90,1.0
HOU,GSW,110,114,0.0
IND,MIL,116,120,0.0
NOP,LAC,89,95,0.0
OKC,PHO,110,106,1.0
UTA,POR,109,96,1.0
CHI,NYK,108,81,1.0
LAL,PHI,93,84,1.0
MIA,DAL,106,82,1.0
TOR,CHO,104,94,1.0
WAS,ORL,103,91,1.0
BOS,BRK,97,100,0.0
CHO,OKC,90,109,0.0
CLE,ORL,104,79,1.0
DAL,NOP,98,105,0.0
IND,DET,94,82,1.0
LAC,PHI,130,99,1.0
MIN,MIL,85,95,0.0
SAC,PHO,142,119,1.0
SAS,HOU,121,103,1.0
DEN,POR,106,112,0.0
LAL,PHO,97,77,1.0
NYK,ATL,111,97,1.0
TOR,CHI,113,115,0.0
WAS,MIA,75,97,0.0
BRK,BOS,94,103,0.0
CLE,TOR,122,100,1.0
DET,ORL,115,89,1.0
GSW,CHO,111,101,1.0
MIL,SAS,98,123,0.0
OKC,SAC,104,116,0.0
PHI,MIN,109,99,1.0
POR,MEM,78,91,0.0
UTA,HOU,91,93,0.0
ATL,NYK,101,107,0.0
CHI,MIL,117,106,1.0
LAL,GSW,88,109,0.0
BOS,DET,94,99,0.0
BRK,TOR,74,91,0.0
MIA,NYK,90,98,0.0
MIN,DEN,74,78,0.0
NOP,DAL,91,100,0.0
OKC,MEM,112,94,1.0
ORL,IND,86,95,0.0
PHO,CHO,111,102,1.0
POR,LAC,98,109,0.0
SAS,UTA,123,98,1.0
WAS,CLE,115,121,0.0
CHI,BOS,101,92,1.0
HOU,UTA,103,94,1.0
PHI,ATL,98,126,0.0
SAC,LAL,118,115,1.0
BRK,ORL,77,83,0.0
LAL,OKC,113,117,0.0
MEM,DEN,91,84,1.0
MIL,DAL,96,95,1.0
MIN,CLE,99,125,0.0
NOP,IND,86,91,0.0
PHO,MIA,95,103,0.0
POR,GSW,108,128,0.0
SAS,NYK,100,99,1.0
WAS,TOR,88,97,0.0
ATL,CHI,120,105,1.0
DET,BRK,103,89,1.0
LAC,CHO,97,83,1.0
ORL,WAS,99,105,0.0
PHI,TOR,95,108,0.0
SAC,GSW,116,128,0.0
UTA,MIA,98,83,1.0
DEN,CHO,95,92,1.0
LAL,UTA,74,86,0.0
MEM,BOS,101,98,1.0
MIN,DAL,87,93,0.0
NYK,MIL,100,88,1.0
PHI,CLE,85,95,0.0
POR,OKC,115,110,1.0
BRK,SAS,79,106,0.0
CHI,WAS,100,114,0.0
GSW,MIA,111,103,1.0
DET,SAS,99,109,0.0
IND,PHO,116,97,1.0
LAL,NOP,95,91,1.0
MEM,HOU,91,107,0.0
MIL,CHI,106,101,1.0
MIN,OKC,96,101,0.0
NYK,BOS,120,114,1.0
BOS,IND,103,94,1.0
BRK,NYK,110,104,1.0
CHO,ATL,107,84,1.0
DEN,GSW,112,110,1.0
HOU,MIN,107,104,1.0
LAC,MIA,104,90,1.0
OKC,DAL,108,89,1.0
POR,UTA,99,85,1.0
SAC,NOP,97,109,0.0
WAS,MIL,106,101,1.0
GSW,LAL,116,98,1.0
MEM,DET,103,101,1.0
SAS,CLE,99,95,1.0
UTA,SAC,101,103,0.0
BOS,PHO,117,103,1.0
BRK,POR,104,116,0.0
CHI,DAL,77,83,0.0
DEN,MIA,95,98,0.0
HOU,CLE,77,91,0.0
IND,WAS,104,118,0.0
NOP,CHO,109,107,1.0
OKC,MIN,113,93,1.0
ATL,BRK,114,86,1.0
CHO,MIL,92,105,0.0
DET,GSW,113,95,1.0
LAC,SAC,103,110,0.0
MEM,NYK,103,95,1.0
PHI,POR,114,89,1.0
UTA,LAL,109,82,1.0
WAS,BOS,117,119,0.0
DEN,IND,129,126,1.0
LAL,HOU,95,112,0.0
MIN,PHO,117,87,1.0
OKC,MIA,99,74,1.0
SAS,DAL,112,83,1.0
ATL,ORL,98,81,1.0
CLE,GSW,98,132,0.0
DET,CHI,101,111,0.0
MEM,NOP,101,99,1.0
TOR,BRK,112,100,1.0
WAS,POR,98,108,0.0
DEN,OKC,104,110,0.0
MIA,MIL,79,91,0.0
NOP,MIN,114,99,1.0
PHO,IND,94,97,0.0
BRK,CLE,78,91,0.0
CHI,GSW,94,125,0.0
HOU,DET,114,123,0.0
LAL,SAC,93,112,0.0
OKC,CHO,109,95,1.0
ORL,PHI,87,96,0.0
POR,ATL,98,104,0.0
TOR,BOS,115,109,1.0
WAS,MIA,106,87,1.0
CLE,LAC,115,102,1.0
DEN,MEM,101,102,0.0
NOP,DET,115,99,1.0
PHO,SAS,89,117,0.0
SAC,ATL,91,88,1.0
BOS,CHI,110,101,1.0
BRK,UTA,86,108,0.0
DAL,OKC,106,109,0.0
GSW,IND,122,110,1.0
HOU,MIL,102,98,1.0
LAL,SAS,95,108,0.0
NYK,LAC,88,116,0.0
TOR,MIA,101,81,1.0
CHO,NYK,97,84,1.0
CLE,CHI,83,96,0.0
DEN,DET,104,101,1.0
MIN,MEM,106,101,1.0
NOP,MIL,116,99,1.0
PHO,ATL,98,95,1.0
POR,LAL,121,103,1.0
SAC,IND,108,97,1.0
BRK,OKC,116,106,1.0
HOU,DAL,115,104,1.0
PHI,BOS,92,112,0.0
TOR,LAC,112,94,1.0
CHI,MIA,84,89,0.0
CLE,MIN,114,107,1.0
DEN,ATL,105,119,0.0
GSW,SAS,120,90,1.0
NOP,HOU,111,112,0.0
UTA,DET,92,95,0.0
WAS,BOS,91,116,0.0
BRK,MIA,98,102,0.0
IND,LAC,89,91,0.0
LAL,DAL,90,92,0.0
MIL,ORL,107,100,1.0
PHI,PHO,113,103,1.0
POR,SAC,112,97,1.0
TOR,WAS,106,89,1.0
ATL,LAC,83,85,0.0
BOS,DEN,111,103,1.0
CLE,PHO,115,93,1.0
DET,PHI,110,97,1.0
GSW,DAL,127,107,1.0
MIN,OKC,123,126,0.0
SAS,HOU,130,99,1.0
UTA,CHO,102,73,1.0
IND,ATL,111,92,1.0
LAL,CHI,91,114,0.0
MEM,MIL,103,83,1.0
NOP,SAC,114,105,1.0
TOR,NYK,103,93,1.0
WAS,DEN,113,117,0.0
BOS,ORL,113,94,1.0
DAL,BRK,91,79,1.0
DET,CLE,106,114,0.0
LAC,LAL,105,93,1.0
MIL,MIA,103,107,0.0
NYK,PHO,102,84,1.0
OKC,HOU,116,108,1.0
POR,CHO,109,91,1.0
UTA,MIN,103,90,1.0
CLE,SAS,117,103,1.0
HOU,WAS,122,123,0.0
MEM,SAC,121,117,1.0
NOP,BRK,105,103,1.0
PHI,GSW,105,108,0.0
TOR,DET,111,107,1.0
DAL,PHO,91,78,1.0
LAC,CHI,120,93,1.0
LAL,CHO,82,101,0.0
MIA,ATL,105,87,1.0
NYK,GSW,95,116,0.0
ORL,BOS,119,114,1.0
POR,MIN,96,93,1.0
ATL,DAL,112,97,1.0
BRK,DET,100,105,0.0
DEN,TOR,112,93,1.0
NOP,MEM,95,110,0.0
OKC,WAS,114,98,1.0
SAC,MIL,111,104,1.0
SAS,ORL,107,92,1.0
HOU,MIA,115,102,1.0
LAL,MIN,119,115,1.0
NYK,BOS,89,97,0.0
PHO,TOR,97,104,0.0
POR,MIL,107,95,1.0
BOS,DET,102,95,1.0
BRK,IND,100,114,0.0
CHO,CLE,106,97,1.0
DAL,MIA,90,93,0.0
LAC,MIN,102,108,0.0
OKC,ORL,117,114,1.0
PHI,ATL,86,124,0.0
SAC,CHI,102,107,0.0
SAS,NOP,110,97,1.0
UTA,DEN,85,81,1.0
WAS,GSW,121,134,0.0
DET,NYK,111,105,1.0
NOP,LAL,96,99,0.0
PHO,HOU,105,111,0.0
POR,TOR,103,110,0.0
ATL,IND,102,96,1.0
BRK,SAC,128,119,1.0
CHO,MIA,95,98,0.0
CLE,BOS,103,104,0.0
DAL,SAS,90,116,0.0
DEN,CHI,115,110,1.0
NYK,MEM,85,91,0.0
ORL,LAC,93,107,0.0
UTA,MIL,84,81,1.0
WAS,PHI,106,94,1.0
CHO,WAS,108,104,1.0
CLE,NOP,99,84,1.0
GSW,OKC,116,108,1.0
HOU,POR,79,96,0.0
IND,DET,112,104,1.0
MIN,CHI,112,105,1.0
PHI,BRK,103,98,1.0
PHO,UTA,89,98,0.0
SAS,LAL,106,102,1.0
BOS,SAC,128,119,1.0
MIA,LAC,93,100,0.0
NYK,DEN,96,101,0.0
ORL,ATL,96,94,1.0
BRK,DEN,105,104,1.0
CHO,CHI,108,91,1.0
CLE,SAC,120,100,1.0
DET,TOR,89,103,0.0
IND,LAL,89,87,1.0
MIN,NOP,102,116,0.0
PHO,OKC,106,122,0.0
GSW,HOU,123,110,1.0
MIA,SAS,101,119,0.0
MIL,BOS,112,111,1.0
NYK,WAS,108,111,0.0
BRK,MEM,90,109,0.0
CHI,ATL,90,113,0.0
CLE,LAL,120,111,1.0
DET,DEN,92,103,0.0
IND,CHO,95,117,0.0
MIN,TOR,117,112,1.0
NOP,UTA,100,96,1.0
ORL,SAS,96,98,0.0
PHI,SAC,110,114,0.0
PHO,GSW,104,112,0.0
POR,HOU,116,103,1.0
MIL,WAS,99,92,1.0
OKC,NOP,121,95,1.0
CLE,CHI,106,95,1.0
LAC,SAS,105,86,1.0
WAS,UTA,103,89,1.0
ATL,MIA,111,115,0.0
BRK,NYK,109,98,1.0
CHI,TOR,116,106,1.0
LAL,SAS,113,119,0.0
MEM,MIN,109,104,1.0
MIL,CHO,95,98,0.0
NOP,PHI,121,114,1.0
OKC,IND,98,101,0.0
PHO,HOU,100,116,0.0
POR,GSW,137,105,1.0
SAC,DEN,116,110,1.0
UTA,BOS,111,93,1.0
WAS,DET,98,86,1.0
LAC,GSW,112,115,0.0
MIA,WAS,114,94,1.0
MIN,NYK,95,103,0.0
BRK,CHO,96,104,0.0
CHI,LAL,126,115,1.0
DAL,PHI,129,103,1.0
DEN,BOS,101,121,0.0
DET,NOP,106,111,0.0
OKC,CLE,92,115,0.0
ORL,IND,102,105,0.0
PHO,SAS,111,118,0.0
POR,UTA,115,111,1.0
TOR,MEM,98,85,1.0
ATL,GSW,92,102,0.0
CLE,DET,88,96,0.0
LAC,PHO,124,84,1.0
MIL,LAL,108,101,1.0
MIN,BOS,124,122,1.0
NYK,TOR,95,122,0.0
DEN,SAC,110,114,0.0
PHI,ORL,115,124,0.0
POR,BRK,112,104,1.0
WAS,NOP,109,89,1.0
CHI,WAS,109,104,1.0
CLE,CHO,114,103,1.0
DAL,OKC,103,116,0.0
DET,PHI,111,91,1.0
IND,NYK,108,105,1.0
LAC,DEN,81,87,0.0
MEM,LAL,128,119,1.0
MIA,GSW,112,118,0.0
SAC,SAS,92,108,0.0
TOR,MIN,114,105,1.0
BOS,MIL,112,107,1.0
NOP,OKC,123,119,1.0
ORL,GSW,114,130,0.0
PHO,BRK,106,116,0.0
POR,HOU,105,119,0.0
UTA,SAS,78,96,0.0
ATL,CHI,103,88,1.0
IND,CHO,95,96,0.0
LAL,MEM,95,112,0.0
NYK,ORL,108,95,1.0
PHI,WAS,94,103,0.0
SAC,LAC,107,117,0.0
TOR,CLE,99,97,1.0
BOS,MIA,101,89,1.0
CHI,POR,95,103,0.0
HOU,SAS,94,104,0.0
MIL,DET,91,102,0.0
NOP,MIN,110,112,0.0
PHO,MEM,111,106,1.0
UTA,BRK,96,98,0.0
ATL,CHO,87,76,1.0
DAL,MIN,128,101,1.0
DET,TOR,114,101,1.0
IND,POR,102,111,0.0
NYK,MIA,81,98,0.0
ORL,PHI,130,116,1.0
WAS,CLE,113,99,1.0
BOS,UTA,100,95,1.0
CLE,IND,100,96,1.0
DEN,MEM,96,103,0.0
LAC,BRK,105,95,1.0
MIL,HOU,128,121,1.0
SAC,OKC,116,131,0.0
WAS,PHI,116,108,1.0
CHO,PHO,126,92,1.0
DAL,ORL,121,108,1.0
LAL,BRK,107,101,1.0
MIA,CHI,129,111,1.0
NYK,POR,85,104,0.0
BOS,POR,116,93,1.0
DEN,LAL,117,107,1.0
HOU,NOP,100,95,1.0
LAC,OKC,103,98,1.0
MEM,SAC,104,98,1.0
MIL,IND,99,104,0.0
MIN,WAS,98,104,0.0
ORL,CHI,102,89,1.0
PHI,CHO,99,119,0.0
SAS,DET,97,81,1.0
TOR,UTA,104,94,1.0
DAL,SAC,101,104,0.0
GSW,OKC,121,106,1.0
MIA,PHO,108,92,1.0
NOP,SAS,86,94,0.0
BOS,NYK,105,104,1.0
CHO,IND,108,101,1.0
CLE,WAS,108,83,1.0
LAL,ATL,77,106,0.0
MEM,UTA,94,88,1.0
MIL,MIN,116,101,1.0
ORL,PHO,84,102,0.0
PHI,MIA,102,112,0.0
TOR,POR,117,115,1.0
CHI,HOU,108,100,1.0
CLE,BOS,120,103,1.0
LAC,ATL,97,107,0.0
MIN,BRK,132,118,1.0
NOP,UTA,94,106,0.0
NYK,DET,102,89,1.0
SAS,SAC,104,94,1.0
WAS,IND,99,100,0.0
DET,POR,123,103,1.0
LAL,GSW,112,95,1.0
MEM,PHO,100,109,0.0
MIA,PHI,103,98,1.0
MIL,OKC,96,104,0.0
TOR,HOU,107,113,0.0
CHI,MIL,100,90,1.0
CHO,MIN,108,103,1.0
CLE,MEM,103,106,0.0
DAL,LAC,90,109,0.0
GSW,ORL,119,113,1.0
IND,SAS,99,91,1.0
NOP,SAC,115,112,1.0
DEN,NYK,110,94,1.0
LAL,ORL,107,98,1.0
MIN,SAS,91,116,0.0
TOR,BRK,104,99,1.0
UTA,ATL,84,91,0.0
BOS,MEM,116,96,1.0
CHO,NOP,122,113,1.0
DAL,DET,96,102,0.0
GSW,UTA,115,94,1.0
MIL,MIA,114,108,1.0
OKC,LAC,120,108,1.0
PHI,HOU,104,118,0.0
PHO,NYK,97,128,0.0
SAC,CLE,111,120,0.0
DEN,PHO,116,98,1.0
LAL,CLE,108,120,0.0
SAS,CHI,109,101,1.0
TOR,ATL,104,96,1.0
BOS,HOU,98,102,0.0
CHI,MIA,96,118,0.0
CHO,DET,118,103,1.0
GSW,POR,128,112,1.0
LAC,NYK,101,94,1.0
OKC,MIN,96,99,0.0
PHI,BRK,95,89,1.0
SAC,ORL,100,107,0.0
UTA,WAS,114,93,1.0
ATL,MEM,95,83,1.0
CHO,HOU,125,109,1.0
DAL,IND,105,112,0.0
DEN,WAS,116,100,1.0
GSW,PHO,123,116,1.0
MIL,NOP,103,92,1.0
PHI,DET,111,125,0.0
POR,ORL,121,84,1.0
SAS,OKC,93,85,1.0
ATL,IND,104,75,1.0
BRK,MIL,100,109,0.0
LAC,CLE,90,114,0.0
LAL,NYK,87,90,0.0
SAC,UTA,99,108,0.0
CHO,DAL,96,107,0.0
GSW,NOP,125,107,1.0
HOU,MEM,130,81,1.0
MIA,DEN,124,119,1.0
OKC,POR,128,94,1.0
PHO,MIN,107,104,1.0
TOR,CHI,107,109,0.0
UTA,CLE,94,85,1.0
WAS,DET,124,81,1.0
BRK,PHI,131,114,1.0
IND,BOS,103,98,1.0
LAL,SAC,98,106,0.0
MIL,TOR,89,107,0.0
ORL,DEN,116,110,1.0
SAS,LAC,108,87,1.0
BOS,OKC,109,130,0.0
CHO,ORL,107,99,1.0
CLE,DAL,99,98,1.0
DET,ATL,114,118,0.0
GSW,NYK,121,85,1.0
HOU,LAC,106,122,0.0
MEM,MIN,108,114,0.0
SAC,NOP,108,123,0.0
WAS,CHI,117,96,1.0
ATL,DEN,116,98,1.0
CHI,BRK,118,102,1.0
MIA,CHO,106,109,0.0
MIL,MEM,96,86,1.0
PHI,WAS,94,99,0.0
SAS,POR,118,110,1.0
DAL,GSW,112,130,0.0
DET,SAC,115,108,1.0
HOU,MIN,116,111,1.0
LAL,PHO,90,95,0.0
NOP,POR,112,117,0.0
ORL,CLE,103,109,0.0
PHI,OKC,97,111,0.0
TOR,BOS,105,91,1.0
ATL,HOU,109,97,1.0
CHI,UTA,92,85,1.0
CHO,DEN,93,101,0.0
DET,BRK,115,103,1.0
IND,OKC,111,115,0.0
MEM,LAC,113,102,1.0
MIA,CLE,122,101,1.0
SAS,GSW,87,79,1.0
WAS,NYK,99,89,1.0
MIL,UTA,85,94,0.0
NOP,LAC,109,105,1.0
NYK,SAC,80,88,0.0
PHI,BOS,105,120,0.0
TOR,ORL,105,100,1.0
ATL,WAS,102,117,0.0
BOS,ORL,107,96,1.0
CHI,SAC,109,102,1.0
CHO,SAS,91,88,1.0
CLE,DEN,124,91,1.0
DET,MIL,92,91,1.0
IND,PHI,91,75,1.0
MIN,GSW,104,109,0.0
PHO,MEM,97,103,0.0
BRK,CHO,100,105,0.0
LAL,MEM,107,100,1.0
NOP,MIA,99,113,0.0
OKC,HOU,111,107,1.0
BOS,TOR,91,79,1.0
CHI,NYK,107,115,0.0
CLE,MIL,113,104,1.0
DEN,PHI,104,103,1.0
DET,ORL,118,102,1.0
GSW,LAC,114,98,1.0
HOU,UTA,87,89,0.0
MIN,SAC,113,104,1.0
PHO,LAL,119,107,1.0
POR,DAL,109,103,1.0
SAS,MIA,112,88,1.0
WAS,ATL,101,122,0.0
BRK,CLE,104,95,1.0
IND,NOP,92,84,1.0
LAC,POR,96,94,1.0
NYK,CHI,106,94,1.0
OKC,UTA,113,91,1.0
ATL,MIL,101,90,1.0
DET,CHO,112,105,1.0
GSW,DAL,128,120,1.0
HOU,TOR,112,109,1.0
LAL,DEN,105,116,0.0
MIA,ORL,108,97,1.0
SAC,PHO,116,94,1.0
SAS,MEM,110,104,1.0
BRK,IND,120,110,1.0
DET,ATL,95,112,0.0
MIL,CHO,91,115,0.0
MIN,UTA,84,93,0.0
NOP,TOR,91,115,0.0
NYK,CLE,93,107,0.0
OKC,SAS,111,92,1.0
ORL,CHI,111,89,1.0
PHO,BOS,99,102,0.0
POR,PHI,108,105,1.0
GSW,PHI,117,105,1.0
IND,HOU,104,101,1.0
LAC,DEN,105,90,1.0
LAL,WAS,88,101,0.0
SAC,DAL,133,111,1.0
CHI,ATL,100,102,0.0
DEN,DAL,88,97,0.0
LAC,BOS,114,90,1.0
MEM,SAS,87,101,0.0
MIA,BRK,110,99,1.0
MIN,PHO,121,116,1.0
NOP,NYK,99,91,1.0
POR,SAC,105,93,1.0
TOR,OKC,100,119,0.0
UTA,LAL,123,75,1.0
CLE,HOU,100,106,0.0
DET,OKC,88,82,1.0
GSW,WAS,102,94,1.0
IND,CHI,96,98,0.0
ORL,BRK,139,105,1.0
PHI,CHO,85,100,0.0
DAL,NYK,91,89,1.0
MEM,DEN,105,109,0.0
MIL,PHO,105,94,1.0
MIN,LAC,79,99,0.0
SAC,WAS,120,111,1.0
SAS,NOP,100,92,1.0
TOR,ATL,105,97,1.0
CLE,BRK,107,87,1.0
HOU,CHI,100,103,0.0
NOP,DEN,101,95,1.0
OKC,LAC,119,117,1.0
POR,BOS,116,109,1.0
CHO,PHI,100,91,1.0
DET,DAL,89,98,0.0
GSW,BOS,106,109,0.0
MEM,TOR,95,99,0.0
MIL,ORL,113,110,1.0
NYK,BRK,105,91,1.0
PHO,WAS,99,106,0.0
SAC,MIA,106,112,0.0
UTA,MIN,98,85,1.0
CHI,DET,90,94,0.0
DEN,SAC,106,115,0.0
PHI,IND,102,115,0.0
POR,MIA,110,93,1.0
SAS,TOR,102,95,1.0
BRK,NOP,87,106,0.0
CLE,CHO,112,103,1.0
GSW,POR,136,111,1.0
HOU,OKC,118,110,1.0
LAC,WAS,114,109,1.0
LAL,BOS,100,107,0.0
MIL,CHI,98,102,0.0
MIN,DAL,78,88,0.0
NYK,IND,87,92,0.0
ORL,MEM,119,107,1.0
PHO,UTA,86,101,0.0
ATL,PHO,103,90,1.0
DEN,OKC,102,124,0.0
LAC,LAL,103,81,1.0
MEM,CHI,108,92,1.0
MIA,DET,107,89,1.0
MIL,CLE,80,109,0.0
PHI,NOP,107,93,1.0
SAC,POR,107,115,0.0
TOR,CHO,96,90,1.0
UTA,SAS,86,88,0.0
BOS,NOP,104,97,1.0
DAL,HOU,88,86,1.0
IND,CLE,123,109,1.0
LAL,LAC,81,91,0.0
NYK,CHO,97,111,0.0
ORL,DET,104,108,0.0
POR,OKC,120,115,1.0
WAS,BRK,121,103,1.0
ATL,TOR,95,87,1.0
GSW,SAS,112,101,1.0
HOU,PHO,115,124,0.0
MIA,CHI,106,98,1.0
SAC,MIN,97,105,0.0
BOS,MIL,124,109,1.0
CHO,BRK,113,99,1.0
DAL,MEM,103,93,1.0
DEN,SAS,102,98,1.0
DET,WAS,112,99,1.0
NOP,LAL,110,102,1.0
ORL,MIA,112,109,1.0
PHI,NYK,102,109,0.0
TOR,IND,111,98,1.0
ATL,BOS,118,107,1.0
CHI,CLE,105,102,1.0
MEM,GSW,99,100,0.0
NOP,PHO,100,121,0.0
POR,MIN,105,106,0.0
SAC,OKC,114,112,1.0
DEN,UTA,84,100,0.0
HOU,LAL,130,110,1.0
IND,BRK,129,105,1.0
LAC,DAL,98,91,1.0
MIA,ORL,118,96,1.0
NYK,TOR,89,93,0.0
SAS,GSW,86,92,0.0
WAS,CHO,113,98,1.0
BOS,CHO,100,114,0.0
BRK,WAS,111,120,0.0
CLE,ATL,109,94,1.0
MIN,HOU,105,129,0.0
NOP,CHI,116,121,0.0
OKC,LAL,112,79,1.0
ORL,MIL,107,98,1.0
PHO,SAC,101,105,0.0
UTA,DAL,92,101,0.0
DET,MIA,93,99,0.0
IND,NYK,102,90,1.0
LAC,MEM,110,84,1.0
TOR,PHI,122,98,1.0
BOS,MIA,98,88,1.0
BRK,TOR,96,103,0.0
CHI,PHI,115,105,1.0
CHO,ORL,117,103,1.0
DAL,SAS,91,96,0.0
GSW,MEM,125,104,1.0
HOU,SAC,116,81,1.0
LAL,UTA,101,96,1.0
MIL,IND,92,97,0.0
MIN,NOP,144,109,1.0
PHO,LAC,114,105,1.0
POR,DEN,107,99,1.0
WAS,ATL,109,98,1.0
MIA,IND,87,90,0.0
ORL,IND,114,94,1.0
DET,ATL,106,94,1.0
CLE,CHI,95,97,0.0
NOP,GSW,95,111,0.0
PHI,BOS,95,112,0.0
CHI,BRK,115,100,1.0
UTA,DET,87,92,0.0
DEN,HOU,105,85,1.0
MIN,LAL,112,111,1.0
CLE,MEM,106,76,1.0
CHO,MIA,94,104,0.0
NYK,MIL,122,97,1.0
SAS,OKC,106,112,0.0
WAS,ORL,88,87,1.0
DAL,PHO,111,95,1.0
NOP,POR,94,112,0.0
LAC,SAC,111,104,1.0
IND,TOR,99,106,0.0
MEM,IND,112,103,1.0
DAL,LAC,88,104,0.0
ATL,NYK,112,101,1.0
CHO,ATL,94,97,0.0
TOR,BOS,113,103,1.0
MIA,CLE,92,102,0.0
MIN,DEN,95,78,1.0
GSW,HOU,112,92,1.0
WAS,MIL,118,113,1.0
UTA,PHI,99,71,1.0
POR,PHO,92,110,0.0
LAL,SAC,114,132,0.0
BRK,SAS,75,102,0.0
UTA,IND,97,76,1.0
SAC,LAC,109,114,0.0
BRK,MEM,91,101,0.0
GSW,NOP,134,120,1.0
PHO,POR,101,90,1.0
NYK,WAS,117,110,1.0
SAS,BOS,95,87,1.0
ORL,CHI,87,92,0.0
ATL,CHO,94,92,1.0
DAL,LAL,103,93,1.0
HOU,MIA,89,109,0.0
DEN,OKC,93,117,0.0
MIL,TOR,87,106,0.0
MIL,BRK,103,96,1.0
MEM,GSW,69,119,0.0
OKC,HOU,105,110,0.0
PHO,LAC,96,102,0.0
POR,MIN,106,101,1.0
SAS,NYK,94,84,1.0
CLE,PHI,107,100,1.0
CHI,CHO,105,130,0.0
TOR,DAL,102,91,1.0
IND,DET,94,82,1.0
DEN,LAL,120,109,1.0
ATL,MIA,98,92,1.0
ORL,NOP,103,94,1.0
MEM,SAC,103,89,1.0
BRK,ATL,87,101,0.0
NYK,CLE,86,96,0.0
LAC,GSW,108,112,0.0
BOS,IND,98,100,0.0
PHI,MIL,87,91,0.0
TOR,OKC,103,98,1.0
SAC,PHO,97,118,0.0
POR,UTA,108,92,1.0
SAS,WAS,99,102,0.0
OKC,CHI,98,104,0.0
CHO,DAL,108,94,1.0
UTA,DEN,96,84,1.0
MIA,MIN,96,84,1.0
MEM,POR,96,115,0.0
WAS,BOS,98,118,0.0
LAL,BRK,104,98,1.0
PHI,CLE,102,108,0.0
DEN,GSW,104,119,0.0
ATL,NOP,121,115,1.0
MIL,NYK,99,92,1.0
TOR,ORL,87,92,0.0
DET,PHO,100,92,1.0
HOU,SAC,116,110,1.0
WAS,ATL,99,114,0.0
NOP,DAL,98,107,0.0
HOU,LAC,109,105,1.0
BRK,MIL,86,94,0.0
ORL,PHI,105,97,1.0
GSW,SAC,103,94,1.0
CHO,SAS,94,114,0.0
MEM,UTA,79,89,0.0
IND,CLE,97,101,0.0
TOR,MIA,76,96,0.0
LAL,NYK,95,99,0.0
PHO,OKC,103,124,0.0
DET,POR,120,103,1.0
MIN,ATL,117,107,1.0
POR,DEN,104,108,0.0
DET,GSW,95,109,0.0
ORL,IND,84,97,0.0
MEM,LAC,92,94,0.0
CHI,PHI,111,88,1.0
SAS,SAC,106,88,1.0
UTA,CLE,114,118,0.0
LAL,MIA,88,101,0.0
BOS,MIL,99,83,1.0
CHO,MIN,104,95,1.0
DAL,NOP,105,120,0.0
NYK,TOR,111,109,1.0
OKC,WAS,125,101,1.0
NOP,ATL,98,106,0.0
IND,BOS,102,91,1.0
NYK,CHO,93,95,0.0
LAC,DAL,108,118,0.0
MIL,DEN,102,103,0.0
BRK,HOU,106,98,1.0
GSW,MEM,100,84,1.0
LAL,ORL,99,101,0.0
TOR,PHI,119,103,1.0
SAS,POR,113,101,1.0
DET,SAC,92,101,0.0
UTA,MIA,91,92,0.0
GSW,MIN,129,116,1.0
LAC,PHO,104,118,0.0
ATL,BOS,93,106,0.0
CHO,CHI,97,102,0.0
LAL,DAL,82,90,0.0
HOU,DEN,98,107,0.0
MIN,IND,103,107,0.0
POR,MEM,100,101,0.0
CLE,NYK,90,84,1.0
PHI,OKC,85,102,0.0
UTA,ORL,93,102,0.0
BRK,SAC,109,111,0.0
NOP,TOR,81,100,0.0
DAL,HOU,110,98,1.0
DET,LAC,96,101,0.0
DEN,PHO,81,105,0.0
PHI,SAS,83,92,0.0
ORL,WAS,99,108,0.0
UTA,ATL,97,96,1.0
POR,CHO,94,106,0.0
DET,LAL,85,97,0.0
MEM,MIN,114,106,1.0
NOP,NYK,87,95,0.0
BOS,OKC,100,85,1.0
TOR,SAC,101,107,0.0
IND,CHI,95,96,0.0
BOS,HOU,111,95,1.0
OKC,MEM,114,122,0.0
DAL,PHI,92,86,1.0
LAL,PHO,101,120,0.0
POR,SAS,80,93,0.0
ATL,BRK,88,90,0.0
CLE,DET,99,104,0.0
TOR,GSW,110,115,0.0
MIN,MIA,103,91,1.0
DEN,NOP,115,98,1.0
CHO,NYK,94,102,0.0
MIL,WAS,86,115,0.0
SAC,ATL,97,103,0.0
DAL,BOS,106,102,1.0
BRK,CHO,111,116,0.0
NOP,OKC,103,110,0.0
IND,PHI,112,85,1.0
CHI,PHO,103,97,1.0
DEN,SAS,98,109,0.0
TOR,UTA,89,93,0.0
MIL,CLE,100,115,0.0
GSW,LAC,124,117,1.0
SAC,MIA,109,116,0.0
BRK,BOS,95,120,0.0
PHI,CHO,88,113,0.0
UTA,DAL,93,102,0.0
PHO,DEN,114,107,1.0
CHI,GSW,94,106,0.0
TOR,LAL,102,91,1.0
HOU,MEM,84,96,0.0
DET,MIN,96,86,1.0
SAS,NOP,90,104,0.0
NYK,OKC,93,90,1.0
LAC,POR,91,102,0.0
ATL,CLE,97,109,0.0
WAS,DET,97,95,1.0
NYK,HOU,107,102,1.0
MIL,IND,86,123,0.0
PHI,MIA,91,96,0.0
SAC,ORL,97,91,1.0
MEM,SAS,82,92,0.0
BOS,BRK,101,111,0.0
GSW,DEN,118,105,1.0
TOR,LAC,91,80,1.0
POR,LAL,107,93,1.0
PHO,NOP,116,122,0.0
DAL,OKC,114,117,0.0
ORL,CLE,103,117,0.0
NYK,MIA,78,95,0.0
DET,MIL,88,109,0.0
PHI,MIN,95,100,0.0
PHO,SAS,84,98,0.0
OKC,UTA,111,89,1.0
BOS,ATL,97,121,0.0
LAC,DEN,111,94,1.0
LAL,GSW,77,111,0.0
DAL,MEM,96,110,0.0
CHI,POR,93,88,1.0
IND,WAS,123,106,1.0
PHI,BOS,80,84,0.0
WAS,CHO,87,101,0.0
MIA,DET,81,104,0.0
MEM,HOU,102,93,1.0
UTA,LAC,102,91,1.0
SAC,MIL,129,118,1.0
ATL,MIN,95,99,0.0
BRK,OKC,99,110,0.0
NYK,ORL,91,100,0.0
NOP,PHO,120,114,1.0
DAL,SAS,83,88,0.0
CLE,TOR,99,103,0.0
WAS,BOS,78,111,0.0
CLE,CHO,95,90,1.0
SAS,DEN,91,80,1.0
PHI,HOU,114,116,0.0
CHI,IND,92,104,0.0
NOP,LAC,90,111,0.0
ATL,MEM,116,101,1.0
MIA,NYK,97,78,1.0
DET,OKC,87,103,0.0
MIL,ORL,90,114,0.0
GSW,PHO,135,116,1.0
MIN,SAC,101,91,1.0
BRK,CLE,88,90,0.0
DEN,DAL,81,92,0.0
SAC,GSW,101,120,0.0
LAL,POR,96,108,0.0
ATL,SAS,88,108,0.0
NOP,UTA,87,101,0.0
TOR,WAS,84,82,1.0
DET,BRK,83,87,0.0
MIL,CHO,82,87,0.0
MIN,LAC,99,107,0.0
IND,LAL,107,103,1.0
PHI,MEM,84,92,0.0
BOS,ORL,91,110,0.0
PHO,TOR,107,102,1.0
OKC,ATL,100,106,0.0
SAS,CHI,89,92,0.0
HOU,DET,105,116,0.0
POR,LAC,87,102,0.0
BOS,MIA,105,95,1.0
DEN,MIL,74,92,0.0
DAL,SAC,98,112,0.0
GSW,UTA,106,103,1.0
PHO,BRK,91,94,0.0
WAS,CLE,97,85,1.0
ORL,MIN,96,93,1.0
MEM,NOP,113,104,1.0
LAL,PHI,91,103,0.0
TOR,ATL,96,86,1.0
DEN,CHI,90,99,0.0
GSW,CHO,116,99,1.0
NOP,HOU,101,108,0.0
IND,LAC,103,91,1.0
PHI,NYK,87,99,0.0
MIL,SAS,70,95,0.0
LAL,WAS,108,104,1.0
SAS,MEM,103,83,1.0
OKC,MIA,95,97,0.0
IND,POR,111,123,0.0
BOS,SAC,114,97,1.0
DEN,TOR,106,105,1.0
ORL,UTA,103,94,1.0
LAL,ATL,87,100,0.0
HOU,DAL,100,96,1.0
MIL,DET,95,102,0.0
BRK,NYK,91,108,0.0
PHO,WAS,106,109,0.0
CHO,CHI,102,96,1.0
SAC,HOU,113,120,0.0
ORL,LAC,101,103,0.0
CLE,MIA,84,99,0.0
NYK,MIL,91,106,0.0
POR,MIN,109,103,1.0
DEN,PHI,108,105,1.0
BOS,SAS,105,108,0.0
GSW,TOR,112,109,1.0
GSW,BRK,114,98,1.0
LAL,DET,91,111,0.0
PHO,MEM,93,95,0.0
SAC,OKC,95,98,0.0
DAL,WAS,116,104,1.0
PHO,CHI,103,101,1.0
DET,CHO,84,104,0.0
WAS,MIA,114,103,1.0
POR,MIL,88,90,0.0
LAC,MIN,110,106,1.0
BOS,NOP,111,93,1.0
DAL,NYK,104,97,1.0
SAS,PHI,119,68,1.0
LAL,TOR,93,102,0.0
HOU,BRK,105,110,0.0
POR,CLE,100,105,0.0
ORL,DEN,85,74,1.0
GSW,IND,131,123,1.0
OKC,MEM,125,88,1.0
UTA,SAC,106,114,0.0
CHI,BOS,100,105,0.0
MIA,CHO,81,99,0.0
ATL,DAL,98,95,1.0
MEM,DET,93,92,1.0
LAC,MIL,109,95,1.0
ORL,PHO,104,107,0.0
SAS,TOR,94,97,0.0
NYK,UTA,85,106,0.0
HOU,WAS,109,103,1.0
PHI,BRK,91,100,0.0
LAC,CHI,80,83,0.0
ATL,OKC,94,107,0.0
NYK,SAC,97,99,0.0
MIA,IND,83,96,0.0
CHO,MEM,123,99,1.0
WAS,NOP,105,107,0.0
CLE,ORL,111,76,1.0
DET,PHI,107,95,1.0
POR,PHO,106,96,1.0
LAL,SAS,87,109,0.0
MIL,TOR,83,90,0.0
OKC,UTA,94,90,1.0
SAS,ATL,103,78,1.0
LAC,BRK,105,100,1.0
NOP,CHI,94,98,0.0
BOS,CHO,98,93,1.0
WAS,DAL,114,111,1.0
IND,DET,96,118,0.0
LAL,HOU,97,126,0.0
GSW,MIL,95,108,0.0
NYK,POR,112,110,1.0
MEM,MIA,97,100,0.0
MIN,PHO,101,108,0.0
PHI,TOR,76,96,0.0
MIA,ATL,100,88,1.0
ORL,BRK,105,82,1.0
PHI,CHI,96,115,0.0
PHO,DAL,94,104,0.0
HOU,DEN,108,114,0.0
TOR,IND,90,106,0.0
WAS,MEM,95,112,0.0
NOP,POR,101,105,0.0
UTA,SAS,81,118,0.0
CLE,BOS,89,77,1.0
MIL,LAL,95,113,0.0
DEN,MIN,112,100,1.0
HOU,SAC,97,107,0.0
PHI,ATL,106,127,0.0
MIA,BRK,104,98,1.0
MEM,CHI,85,98,0.0
BOS,DET,116,119,0.0
PHO,GSW,103,128,0.0
DAL,IND,81,107,0.0
MIL,LAC,90,103,0.0
MIN,NYK,102,107,0.0
POR,OKC,90,106,0.0
CHO,ORL,98,113,0.0
WAS,SAS,95,114,0.0
NOP,UTA,104,94,1.0
OKC,CLE,100,104,0.0
HOU,LAL,107,87,1.0
ATL,BOS,109,101,1.0
MEM,DAL,88,97,0.0
MIL,GSW,112,121,0.0
BRK,IND,97,104,0.0
TOR,MIA,108,94,1.0
SAC,MIN,95,99,0.0
POR,ORL,94,102,0.0
NYK,PHI,107,97,1.0
NOP,PHO,88,104,0.0
LAC,SAS,107,115,0.0
DEN,UTA,88,97,0.0
LAC,HOU,97,107,0.0
IND,MEM,84,96,0.0
CHI,NYK,91,107,0.0
LAL,OKC,78,118,0.0
CHO,WAS,101,109,0.0
MIN,BRK,100,85,1.0
PHI,CLE,86,108,0.0
NOP,DEN,130,125,1.0
POR,MIA,109,116,0.0
ATL,ORL,103,100,1.0
MIL,PHO,101,95,1.0
SAC,TOR,104,94,1.0
POR,ATL,97,106,0.0
MIN,BOS,99,113,0.0
BRK,CHI,105,102,1.0
CHO,HOU,95,102,0.0
OKC,LAC,100,99,1.0
ORL,NYK,107,99,1.0
IND,SAS,92,106,0.0
PHO,UTA,89,110,0.0
SAC,WAS,99,113,0.0
LAL,DEN,111,107,1.0
DET,MIA,93,92,1.0
MEM,PHI,104,90,1.0
DAL,TOR,99,103,0.0
DET,ATL,100,107,0.0
BOS,CHO,102,89,1.0
NYK,CLE,84,91,0.0
UTA,GSW,85,103,0.0
SAC,IND,108,106,1.0
OKC,LAL,120,85,1.0
PHI,MIL,100,113,0.0
SAS,MIN,108,83,1.0
POR,NOP,89,115,0.0
HOU,ORL,101,104,0.0
DEN,PHO,104,96,1.0
MEM,WAS,91,100,0.0
CLE,GSW,83,89,0.0
SAS,HOU,84,88,0.0
LAC,LAL,94,84,1.0
CHI,OKC,105,96,1.0
NYK,ATL,98,117,0.0
WAS,BRK,111,96,1.0
MEM,CHO,92,98,0.0
CHI,DAL,111,118,0.0
BOS,DET,99,93,1.0
TOR,MIL,111,90,1.0
IND,MIN,102,88,1.0
HOU,NOP,108,110,0.0
MIA,ORL,108,101,1.0
PHI,PHO,111,104,1.0
CLE,POR,76,105,0.0
DEN,SAS,86,101,0.0
LAC,UTA,109,104,1.0
NYK,BOS,91,100,0.0
LAL,MEM,96,112,0.0
DEN,OKC,112,122,0.0
POR,SAC,98,94,1.0
TOR,CHI,97,104,0.0
LAL,CHO,98,108,0.0
MIL,DAL,93,103,0.0
SAC,GSW,103,122,0.0
ATL,IND,87,93,0.0
BRK,MIA,111,105,1.0
NOP,ORL,89,104,0.0
CLE,PHO,101,97,1.0
MIN,SAS,95,101,0.0
PHI,UTA,91,95,0.0
LAC,WAS,108,91,1.0
CLE,DEN,93,87,1.0
ATL,HOU,121,115,1.0
DET,NYK,96,108,0.0
MIL,OKC,123,131,0.0
LAL,BOS,112,104,1.0
LAC,CHO,122,117,1.0
GSW,DAL,91,114,0.0
UTA,MIN,80,94,0.0
BRK,ORL,93,100,0.0
DEN,POR,103,110,0.0
PHI,SAC,110,105,1.0
PHO,SAS,79,112,0.0
WAS,TOR,91,94,0.0
MIN,DET,90,115,0.0
GSW,HOU,114,110,1.0
MIL,IND,120,116,1.0
LAC,NOP,95,89,1.0
PHO,OKC,106,110,0.0
POR,UTA,96,109,0.0
NYK,CHI,81,108,0.0
PHI,LAL,84,93,0.0
DAL,MIA,82,106,0.0
CHO,TOR,94,104,0.0
ORL,WAS,91,103,0.0
BRK,BOS,100,97,1.0
OKC,CHO,109,90,1.0
ORL,CLE,79,104,0.0
NOP,DAL,105,98,1.0
DET,IND,82,94,0.0
PHI,LAC,99,130,0.0
MIL,MIN,95,85,1.0
PHO,SAC,119,142,0.0
HOU,SAS,103,121,0.0
POR,DEN,112,106,1.0
PHO,LAL,77,97,0.0
ATL,NYK,97,111,0.0
CHI,TOR,115,113,1.0
MIA,WAS,97,75,1.0
BOS,BRK,103,94,1.0
TOR,CLE,100,122,0.0
ORL,DET,89,115,0.0
CHO,GSW,101,111,0.0
SAS,MIL,123,98,1.0
SAC,OKC,116,104,1.0
MIN,PHI,99,109,0.0
MEM,POR,91,78,1.0
HOU,UTA,93,91,1.0
NYK,ATL,107,101,1.0
MIL,CHI,106,117,0.0
GSW,LAL,109,88,1.0
DET,BOS,99,94,1.0
TOR,BRK,91,74,1.0
NYK,MIA,98,90,1.0
DEN,MIN,78,74,1.0
DAL,NOP,100,91,1.0
MEM,OKC,94,112,0.0
IND,ORL,95,86,1.0
CHO,PHO,102,111,0.0
LAC,POR,109,98,1.0
UTA,SAS,98,123,0.0
CLE,WAS,121,115,1.0
BOS,CHI,92,101,0.0
UTA,HOU,94,103,0.0
ATL,PHI,126,98,1.0
LAL,SAC,115,118,0.0
ORL,BRK,83,77,1.0
OKC,LAL,117,113,1.0
DEN,MEM,84,91,0.0
DAL,MIL,95,96,0.0
CLE,MIN,125,99,1.0
IND,NOP,91,86,1.0
MIA,PHO,103,95,1.0
GSW,POR,128,108,1.0
NYK,SAS,99,100,0.0
TOR,WAS,97,88,1.0
CHI,ATL,105,120,0.0
BRK,DET,89,103,0.0
CHO,LAC,83,97,0.0
WAS,ORL,105,99,1.0
TOR,PHI,108,95,1.0
GSW,SAC,128,116,1.0
MIA,UTA,83,98,0.0
CHO,DEN,92,95,0.0
UTA,LAL,86,74,1.0
BOS,MEM,98,101,0.0
DAL,MIN,93,87,1.0
MIL,NYK,88,100,0.0
CLE,PHI,95,85,1.0
OKC,POR,110,115,0.0
SAS,BRK,106,79,1.0
WAS,CHI,114,100,1.0
MIA,GSW,103,111,0.0
SAS,DET,109,99,1.0
PHO,IND,97,116,0.0
NOP,LAL,91,95,0.0
HOU,MEM,107,91,1.0
CHI,MIL,101,106,0.0
OKC,MIN,101,96,1.0
BOS,NYK,114,120,0.0
IND,BOS,94,103,0.0
NYK,BRK,104,110,0.0
ATL,CHO,84,107,0.0
GSW,DEN,110,112,0.0
MIN,HOU,104,107,0.0
MIA,LAC,90,104,0.0
DAL,OKC,89,108,0.0
UTA,POR,85,99,0.0
NOP,SAC,109,97,1.0
MIL,WAS,101,106,0.0
LAL,GSW,98,116,0.0
DET,MEM,101,103,0.0
CLE,SAS,95,99,0.0
SAC,UTA,103,101,1.0
PHO,BOS,103,117,0.0
POR,BRK,116,104,1.0
DAL,CHI,83,77,1.0
MIA,DEN,98,95,1.0
CLE,HOU,91,77,1.0
WAS,IND,118,104,1.0
CHO,NOP,107,109,0.0
MIN,OKC,93,113,0.0
BRK,ATL,86,114,0.0
MIL,CHO,105,92,1.0
GSW,DET,95,113,0.0
SAC,LAC,110,103,1.0
NYK,MEM,95,103,0.0
POR,PHI,89,114,0.0
LAL,UTA,82,109,0.0
BOS,WAS,119,117,1.0
IND,DEN,126,129,0.0
HOU,LAL,112,95,1.0
PHO,MIN,87,117,0.0
MIA,OKC,74,99,0.0
DAL,SAS,83,112,0.0
ORL,ATL,81,98,0.0
GSW,CLE,132,98,1.0
CHI,DET,111,101,1.0
NOP,MEM,99,101,0.0
BRK,TOR,100,112,0.0
POR,WAS,108,98,1.0
OKC,DEN,110,104,1.0
MIL,MIA,91,79,1.0
MIN,NOP,99,114,0.0
IND,PHO,97,94,1.0
CLE,BRK,91,78,1.0
GSW,CHI,125,94,1.0
DET,HOU,123,114,1.0
SAC,LAL,112,93,1.0
CHO,OKC,95,109,0.0
PHI,ORL,96,87,1.0
ATL,POR,104,98,1.0
BOS,TOR,109,115,0.0
MIA,WAS,87,106,0.0
LAC,CLE,102,115,0.0
MEM,DEN,102,101,1.0
DET,NOP,99,115,0.0
SAS,PHO,117,89,1.0
ATL,SAC,88,91,0.0
CHI,BOS,101,110,0.0
UTA,BRK,108,86,1.0
OKC,DAL,109,106,1.0
IND,GSW,110,122,0.0
MIL,HOU,98,102,0.0
SAS,LAL,108,95,1.0
LAC,NYK,116,88,1.0
MIA,TOR,81,101,0.0
NYK,CHO,84,97,0.0
CHI,CLE,96,83,1.0
DET,DEN,101,104,0.0
MEM,MIN,101,106,0.0
MIL,NOP,99,116,0.0
ATL,PHO,95,98,0.0
LAL,POR,103,121,0.0
IND,SAC,97,108,0.0
OKC,BRK,106,116,0.0
DAL,HOU,104,115,0.0
BOS,PHI,112,92,1.0
LAC,TOR,94,112,0.0
MIA,CHI,89,84,1.0
MIN,CLE,107,114,0.0
ATL,DEN,119,105,1.0
SAS,GSW,90,120,0.0
HOU,NOP,112,111,1.0
DET,UTA,95,92,1.0
BOS,WAS,116,91,1.0
MIA,BRK,102,98,1.0
LAC,IND,91,89,1.0
DAL,LAL,92,90,1.0
ORL,MIL,100,107,0.0
PHO,PHI,103,113,0.0
SAC,POR,97,112,0.0
WAS,TOR,89,106,0.0
LAC,ATL,85,83,1.0
DEN,BOS,103,111,0.0
PHO,CLE,93,115,0.0
PHI,DET,97,110,0.0
DAL,GSW,107,127,0.0
OKC,MIN,126,123,1.0
HOU,SAS,99,130,0.0
CHO,UTA,73,102,0.0
ATL,IND,92,111,0.0
CHI,LAL,114,91,1.0
MIL,MEM,83,103,0.0
SAC,NOP,105,114,0.0
NYK,TOR,93,103,0.0
DEN,WAS,117,113,1.0
ORL,BOS,94,113,0.0
BRK,DAL,79,91,0.0
CLE,DET,114,106,1.0
LAL,LAC,93,105,0.0
MIA,MIL,107,103,1.0
PHO,NYK,84,102,0.0
HOU,OKC,108,116,0.0
CHO,POR,91,109,0.0
MIN,UTA,90,103,0.0
SAS,CLE,103,117,0.0
WAS,HOU,123,122,1.0
SAC,MEM,117,121,0.0
BRK,NOP,103,105,0.0
GSW,PHI,108,105,1.0
DET,TOR,107,111,0.0
PHO,DAL,78,91,0.0
CHI,LAC,93,120,0.0
CHO,LAL,101,82,1.0
ATL,MIA,87,105,0.0
GSW,NYK,116,95,1.0
BOS,ORL,114,119,0.0
MIN,POR,93,96,0.0
DAL,ATL,97,112,0.0
DET,BRK,105,100,1.0
TOR,DEN,93,112,0.0
MEM,NOP,110,95,1.0
WAS,OKC,98,114,0.0
MIL,SAC,104,111,0.0
ORL,SAS,92,107,0.0
MIA,HOU,102,115,0.0
MIN,LAL,115,119,0.0
BOS,NYK,97,89,1.0
TOR,PHO,104,97,1.0
MIL,POR,95,107,0.0
DET,BOS,95,102,0.0
IND,BRK,114,100,1.0
CLE,CHO,97,106,0.0
MIA,DAL,93,90,1.0
MIN,LAC,108,102,1.0
ORL,OKC,114,117,0.0
ATL,PHI,124,86,1.0
CHI,SAC,107,102,1.0
NOP,SAS,97,110,0.0
DEN,UTA,81,85,0.0
GSW,WAS,134,121,1.0
NYK,DET,105,111,0.0
LAL,NOP,99,96,1.0
HOU,PHO,111,105,1.0
TOR,POR,110,103,1.0
IND,ATL,96,102,0.0
SAC,BRK,119,128,0.0
MIA,CHO,98,95,1.0
BOS,CLE,104,103,1.0
SAS,DAL,116,90,1.0
CHI,DEN,110,115,0.0
MEM,NYK,91,85,1.0
LAC,ORL,107,93,1.0
MIL,UTA,81,84,0.0
PHI,WAS,94,106,0.0
WAS,CHO,104,108,0.0
NOP,CLE,84,99,0.0
OKC,GSW,108,116,0.0
POR,HOU,96,79,1.0
DET,IND,104,112,0.0
CHI,MIN,105,112,0.0
BRK,PHI,98,103,0.0
UTA,PHO,98,89,1.0
LAL,SAS,102,106,0.0
SAC,BOS,119,128,0.0
LAC,MIA,100,93,1.0
DEN,NYK,101,96,1.0
ATL,ORL,94,96,0.0
DEN,BRK,104,105,0.0
CHI,CHO,91,108,0.0
SAC,CLE,100,120,0.0
TOR,DET,103,89,1.0
LAL,IND,87,89,0.0
NOP,MIN,116,102,1.0
OKC,PHO,122,106,1.0
HOU,GSW,110,123,0.0
SAS,MIA,119,101,1.0
BOS,MIL,111,112,0.0
WAS,NYK,111,108,1.0
MEM,BRK,109,90,1.0
ATL,CHI,113,90,1.0
LAL,CLE,111,120,0.0
DEN,DET,103,92,1.0
CHO,IND,117,95,1.0
TOR,MIN,112,117,0.0
UTA,NOP,96,100,0.0
SAS,ORL,98,96,1.0
SAC,PHI,114,110,1.0
GSW,PHO,112,104,1.0
HOU,POR,103,116,0.0
WAS,MIL,92,99,0.0
NOP,OKC,95,121,0.0
CHI,CLE,95,106,0.0
SAS,LAC,86,105,0.0
UTA,WAS,89,103,0.0
MIA,ATL,115,111,1.0
NYK,BRK,98,109,0.0
TOR,CHI,106,116,0.0
SAS,LAL,119,113,1.0
MIN,MEM,104,109,0.0
CHO,MIL,98,95,1.0
PHI,NOP,114,121,0.0
IND,OKC,101,98,1.0
HOU,PHO,116,100,1.0
GSW,POR,105,137,0.0
DEN,SAC,110,116,0.0
BOS,UTA,93,111,0.0
DET,WAS,86,98,0.0
GSW,LAC,115,112,1.0
WAS,MIA,94,114,0.0
NYK,MIN,103,95,1.0
CHO,BRK,104,96,1.0
LAL,CHI,115,126,0.0
PHI,DAL,103,129,0.0
BOS,DEN,121,101,1.0
NOP,DET,111,106,1.0
CLE,OKC,115,92,1.0
IND,ORL,105,102,1.0
SAS,PHO,118,111,1.0
UTA,POR,111,115,0.0
MEM,TOR,85,98,0.0
GSW,ATL,102,92,1.0
DET,CLE,96,88,1.0
PHO,LAC,84,124,0.0
LAL,MIL,101,108,0.0
BOS,MIN,122,124,0.0
TOR,NYK,122,95,1.0
SAC,DEN,114,110,1.0
ORL,PHI,124,115,1.0
BRK,POR,104,112,0.0
NOP,WAS,89,109,0.0
WAS,CHI,104,109,0.0
CHO,CLE,103,114,0.0
OKC,DAL,116,103,1.0
PHI,DET,91,111,0.0
NYK,IND,105,108,0.0
DEN,LAC,87,81,1.0
LAL,MEM,119,128,0.0
GSW,MIA,118,112,1.0
SAS,SAC,108,92,1.0
MIN,TOR,105,114,0.0
MIL,BOS,107,112,0.0
OKC,NOP,119,123,0.0
GSW,ORL,130,114,1.0
BRK,PHO,116,106,1.0
HOU,POR,119,105,1.0
SAS,UTA,96,78,1.0
CHI,ATL,88,103,0.0
CHO,IND,96,95,1.0
MEM,LAL,112,95,1.0
ORL,NYK,95,108,0.0
WAS,PHI,103,94,1.0
LAC,SAC,117,107,1.0
CLE,TOR,97,99,0.0
MIA,BOS,89,101,0.0
POR,CHI,103,95,1.0
SAS,HOU,104,94,1.0
DET,MIL,102,91,1.0
MIN,NOP,112,110,1.0
MEM,PHO,106,111,0.0
BRK,UTA,98,96,1.0
CHO,ATL,76,87,0.0
MIN,DAL,101,128,0.0
TOR,DET,101,114,0.0
POR,IND,111,102,1.0
MIA,NYK,98,81,1.0
PHI,ORL,116,130,0.0
CLE,WAS,99,113,0.0
UTA,BOS,95,100,0.0
IND,CLE,96,100,0.0
MEM,DEN,103,96,1.0
BRK,LAC,95,105,0.0
HOU,MIL,121,128,0.0
OKC,SAC,131,116,1.0
PHI,WAS,108,116,0.0
PHO,CHO,92,126,0.0
ORL,DAL,108,121,0.0
BRK,LAL,101,107,0.0
CHI,MIA,111,129,0.0
POR,NYK,104,85,1.0
POR,BOS,93,116,0.0
LAL,DEN,107,117,0.0
NOP,HOU,95,100,0.0
OKC,LAC,98,103,0.0
SAC,MEM,98,104,0.0
IND,MIL,104,99,1.0
WAS,MIN,104,98,1.0
CHI,ORL,89,102,0.0
CHO,PHI,119,99,1.0
DET,SAS,81,97,0.0
UTA,TOR,94,104,0.0
SAC,DAL,104,101,1.0
OKC,GSW,106,121,0.0
PHO,MIA,92,108,0.0
SAS,NOP,94,86,1.0
NYK,BOS,104,105,0.0
IND,CHO,101,108,0.0
WAS,CLE,83,108,0.0
ATL,LAL,106,77,1.0
UTA,MEM,88,94,0.0
MIN,MIL,101,116,0.0
PHO,ORL,102,84,1.0
MIA,PHI,112,102,1.0
POR,TOR,115,117,0.0
HOU,CHI,100,108,0.0
BOS,CLE,103,120,0.0
ATL,LAC,107,97,1.0
BRK,MIN,118,132,0.0
UTA,NOP,106,94,1.0
DET,NYK,89,102,0.0
SAC,SAS,94,104,0.0
IND,WAS,100,99,1.0
POR,DET,103,123,0.0
GSW,LAL,95,112,0.0
PHO,MEM,109,100,1.0
PHI,MIA,98,103,0.0
OKC,MIL,104,96,1.0
HOU,TOR,113,107,1.0
MIL,CHI,90,100,0.0
MIN,CHO,103,108,0.0
MEM,CLE,106,103,1.0
LAC,DAL,109,90,1.0
ORL,GSW,113,119,0.0
SAS,IND,91,99,0.0
SAC,NOP,112,115,0.0
NYK,DEN,94,110,0.0
ORL,LAL,98,107,0.0
SAS,MIN,116,91,1.0
BRK,TOR,99,104,0.0
ATL,UTA,91,84,1.0
MEM,BOS,96,116,0.0
NOP,CHO,113,122,0.0
DET,DAL,102,96,1.0
UTA,GSW,94,115,0.0
MIA,MIL,108,114,0.0
LAC,OKC,108,120,0.0
HOU,PHI,118,104,1.0
NYK,PHO,128,97,1.0
CLE,SAC,120,111,1.0
PHO,DEN,98,116,0.0
CLE,LAL,120,108,1.0
CHI,SAS,101,109,0.0
ATL,TOR,96,104,0.0
HOU,BOS,102,98,1.0
MIA,CHI,118,96,1.0
DET,CHO,103,118,0.0
POR,GSW,112,128,0.0
NYK,LAC,94,101,0.0
MIN,OKC,99,96,1.0
BRK,PHI,89,95,0.0
ORL,SAC,107,100,1.0
WAS,UTA,93,114,0.0
MEM,ATL,83,95,0.0
HOU,CHO,109,125,0.0
IND,DAL,112,105,1.0
WAS,DEN,100,116,0.0
PHO,GSW,116,123,0.0
NOP,MIL,92,103,0.0
DET,PHI,125,111,1.0
ORL,POR,84,121,0.0
OKC,SAS,85,93,0.0
IND,ATL,75,104,0.0
MIL,BRK,109,100,1.0
CLE,LAC,114,90,1.0
NYK,LAL,90,87,1.0
UTA,SAC,108,99,1.0
DAL,CHO,107,96,1.0
NOP,GSW,107,125,0.0
MEM,HOU,81,130,0.0
DEN,MIA,119,124,0.0
POR,OKC,94,128,0.0
MIN,PHO,104,107,0.0
CHI,TOR,109,107,1.0
CLE,UTA,85,94,0.0
DET,WAS,81,124,0.0
PHI,BRK,114,131,0.0
BOS,IND,98,103,0.0
SAC,LAL,106,98,1.0
TOR,MIL,107,89,1.0
DEN,ORL,110,116,0.0
LAC,SAS,87,108,0.0
OKC,BOS,130,109,1.0
ORL,CHO,99,107,0.0
DAL,CLE,98,99,0.0
ATL,DET,118,114,1.0
NYK,GSW,85,121,0.0
LAC,HOU,122,106,1.0
MIN,MEM,114,108,1.0
NOP,SAC,123,108,1.0
CHI,WAS,96,117,0.0
DEN,ATL,98,116,0.0
BRK,CHI,102,118,0.0
CHO,MIA,109,106,1.0
MEM,MIL,86,96,0.0
WAS,PHI,99,94,1.0
POR,SAS,110,118,0.0
PHO,UTA,69,103,0.0
GSW,DAL,130,112,1.0
SAC,DET,108,115,0.0
MIN,HOU,111,116,0.0
PHO,LAL,95,90,1.0
POR,NOP,117,112,1.0
CLE,ORL,109,103,1.0
OKC,PHI,111,97,1.0
BOS,TOR,91,105,0.0
HOU,ATL,97,109,0.0
UTA,CHI,85,92,0.0
DEN,CHO,101,93,1.0
BRK,DET,103,115,0.0
OKC,IND,115,111,1.0
LAC,MEM,102,113,0.0
CLE,MIA,101,122,0.0
GSW,SAS,79,87,0.0
NYK,WAS,89,99,0.0
UTA,MIL,94,85,1.0
LAC,NOP,105,109,0.0
SAC,NYK,88,80,1.0
BOS,PHI,120,105,1.0
ORL,TOR,100,105,0.0
WAS,ATL,117,102,1.0
ORL,BOS,96,107,0.0
SAC,CHI,102,109,0.0
SAS,CHO,88,91,0.0
DEN,CLE,91,124,0.0
MIL,DET,91,92,0.0
PHI,IND,75,91,0.0
GSW,MIN,109,104,1.0
MEM,PHO,103,97,1.0
CHO,BRK,105,100,1.0
MEM,LAL,100,107,0.0
MIA,NOP,113,99,1.0
HOU,OKC,107,111,0.0
TOR,BOS,79,91,0.0
NYK,CHI,115,107,1.0
MIL,CLE,104,113,0.0
PHI,DEN,103,104,0.0
ORL,DET,102,118,0.0
LAC,GSW,98,114,0.0
UTA,HOU,89,87,1.0
SAC,MIN,104,113,0.0
LAL,PHO,107,119,0.0
DAL,POR,103,109,0.0
MIA,SAS,88,112,0.0
ATL,WAS,122,101,1.0
CLE,BRK,95,104,0.0
NOP,IND,84,92,0.0
POR,LAC,94,96,0.0
CHI,NYK,94,106,0.0
UTA,OKC,91,113,0.0
MIL,ATL,90,101,0.0
CHO,DET,105,112,0.0
DAL,GSW,120,128,0.0
TOR,HOU,109,112,0.0
DEN,LAL,116,105,1.0
ORL,MIA,97,108,0.0
PHO,SAC,94,116,0.0
MEM,SAS,104,110,0.0
IND,BRK,110,120,0.0
ATL,DET,112,95,1.0
CHO,MIL,115,91,1.0
UTA,MIN,93,84,1.0
TOR,NOP,115,91,1.0
CLE,NYK,107,93,1.0
SAS,OKC,92,111,0.0
CHI,ORL,89,111,0.0
BOS,PHO,102,99,1.0
PHI,POR,105,108,0.0
PHI,GSW,105,117,0.0
HOU,IND,101,104,0.0
DEN,LAC,90,105,0.0
WAS,LAL,101,88,1.0
DAL,SAC,111,133,0.0
ATL,CHI,102,100,1.0
DAL,DEN,97,88,1.0
BOS,LAC,90,114,0.0
SAS,MEM,101,87,1.0
BRK,MIA,99,110,0.0
PHO,MIN,116,121,0.0
NYK,NOP,91,99,0.0
SAC,POR,93,105,0.0
OKC,TOR,119,100,1.0
LAL,UTA,75,123,0.0
HOU,CLE,106,100,1.0
OKC,DET,82,88,0.0
WAS,GSW,94,102,0.0
CHI,IND,98,96,1.0
BRK,ORL,105,139,0.0
CHO,PHI,100,85,1.0
NYK,DAL,89,91,0.0
DEN,MEM,109,105,1.0
PHO,MIL,94,105,0.0
LAC,MIN,99,79,1.0
WAS,SAC,111,120,0.0
NOP,SAS,92,100,0.0
ATL,TOR,97,105,0.0
BRK,CLE,87,107,0.0
CHI,HOU,103,100,1.0
DEN,NOP,95,101,0.0
LAC,OKC,117,119,0.0
BOS,POR,109,116,0.0
PHI,CHO,91,100,0.0
DAL,DET,98,89,1.0
BOS,GSW,109,106,1.0
TOR,MEM,99,95,1.0
ORL,MIL,110,113,0.0
BRK,NYK,91,105,0.0
WAS,PHO,106,99,1.0
MIA,SAC,112,106,1.0
MIN,UTA,85,98,0.0
DET,CHI,94,90,1.0
SAC,DEN,115,106,1.0
IND,PHI,115,102,1.0
MIA,POR,93,110,0.0
TOR,SAS,95,102,0.0
NOP,BRK,106,87,1.0
CHO,CLE,103,112,0.0
POR,GSW,111,136,0.0
OKC,HOU,110,118,0.0
WAS,LAC,109,114,0.0
BOS,LAL,107,100,1.0
CHI,MIL,102,98,1.0
DAL,MIN,88,78,1.0
IND,NYK,92,87,1.0
MEM,ORL,107,119,0.0
UTA,PHO,101,86,1.0
PHO,ATL,90,103,0.0
OKC,DEN,124,102,1.0
LAL,LAC,81,103,0.0
CHI,MEM,92,108,0.0
DET,MIA,89,107,0.0
CLE,MIL,109,80,1.0
NOP,PHI,93,107,0.0
POR,SAC,115,107,1.0
CHO,TOR,90,96,0.0
SAS,UTA,88,86,1.0
NOP,BOS,97,104,0.0
HOU,DAL,86,88,0.0
CLE,IND,109,123,0.0
LAC,LAL,91,81,1.0
CHO,NYK,111,97,1.0
DET,ORL,108,104,1.0
OKC,POR,115,120,0.0
BRK,WAS,103,121,0.0
TOR,ATL,87,95,0.0
SAS,GSW,101,112,0.0
PHO,HOU,124,115,1.0
CHI,MIA,98,106,0.0
MIN,SAC,105,97,1.0
MIL,BOS,109,124,0.0
BRK,CHO,99,113,0.0
MEM,DAL,93,103,0.0
SAS,DEN,98,102,0.0
WAS,DET,99,112,0.0
LAL,NOP,102,110,0.0
MIA,ORL,109,112,0.0
NYK,PHI,109,102,1.0
IND,TOR,98,111,0.0
BOS,ATL,107,118,0.0
CLE,CHI,102,105,0.0
GSW,MEM,100,99,1.0
PHO,NOP,121,100,1.0
MIN,POR,106,105,1.0
OKC,SAC,112,114,0.0
UTA,DEN,100,84,1.0
LAL,HOU,110,130,0.0
BRK,IND,105,129,0.0
DAL,LAC,91,98,0.0
ORL,MIA,96,118,0.0
TOR,NYK,93,89,1.0
GSW,SAS,92,86,1.0
CHO,WAS,98,113,0.0
CHO,BOS,114,100,1.0
WAS,BRK,120,111,1.0
ATL,CLE,94,109,0.0
HOU,MIN,129,105,1.0
CHI,NOP,121,116,1.0
LAL,OKC,79,112,0.0
MIL,ORL,98,107,0.0
SAC,PHO,105,101,1.0
DAL,UTA,101,92,1.0
MIA,DET,99,93,1.0
NYK,IND,90,102,0.0
MEM,LAC,84,110,0.0
PHI,TOR,98,122,0.0
MIA,BOS,88,98,0.0
TOR,BRK,103,96,1.0
PHI,CHI,105,115,0.0
ORL,CHO,103,117,0.0
SAS,DAL,96,91,1.0
MEM,GSW,104,125,0.0
SAC,HOU,81,116,0.0
UTA,LAL,96,101,0.0
IND,MIL,97,92,1.0
NOP,MIN,109,144,0.0
LAC,PHO,105,114,0.0
DEN,POR,99,107,0.0
ATL,WAS,98,109,0.0
BOS,ATL,104,95,1.0
TOR,MIA,96,102,0.0
TOR,MIA,96,92,1.0
MIA,TOR,94,87,1.0
POR,GSW,125,132,0.0
ATL,BOS,95,104,0.0
MIA,TOR,102,96,1.0
MIA,TOR,92,96,0.0
TOR,MIA,87,94,0.0
GSW,POR,132,125,1.0
